公司,年份,Gross_Margin,Operating_Margin,Net_Margin,ROA,ROE,EPS,Current_Ratio,Quick_Ratio,Debt_Ratio,Equity_Ratio,Interest_Coverage,Inventory_Turnover,AR_Turnover,Asset_Turnover,OCF_Ratio,Free_Cash_Flow,Revenue_Growth,EPS_Growth,Market_Cap,PE,PB,Dividend_Yield,BVPS,X1,X2,X3,X4,X5,Altman_Zscore
三芳,2015,26.99120541574636,11.907748071914236,9.768707746014556,7.830300855606824,13.010440567401652,2.85,2.2576879943507753,1.7871599966030198,39.815252104328756,60.184747895671244,35.465593854341876,5.088830841635045,7.642581884329067,0.801569773525207,0.7199122950905493,1716010,,,14966451,10.87,1.77,5.16,21.92,0.30738731420434706,0.28393873420687193,0.10041843472742389,2.671976001144027,0.801569773525207,3.5025152137469595
三芳,2016,29.49153051811847,14.223920457132841,11.262093714695027,8.493532840502109,14.323434836079683,3.13,2.2410991003563763,1.8880477358015741,41.52110874259249,58.47889125740752,48.99707301883855,5.15885155071918,7.245979627950151,0.7541699665861918,0.5977152331810878,1589350,-2.0474435598889396,9.824561403508758,14062866,9.16,1.58,6.22,22.38,0.3236135906186957,0.2930351780519444,0.10335762639533265,2.2246892713998068,0.7255350136758906,3.2000143016355294
三芳,2017,29.46342369199283,12.571632376510028,9.142846706181563,6.08323464488073,10.42656386597261,2.27,2.2959650365803013,1.7628192623142112,41.79939575562283,58.200604244377175,35.72861722719574,4.367423394036755,6.866766534863872,0.6653545487936267,0.3502445668109613,309310,-10.776683849495694,-27.47603833865815,13486030,11.66,1.61,5.01,21.07,0.30079032597891103,0.31126640904869357,0.08203611160840586,2.240513599136359,0.6843932841180506,3.0961419757504696
三芳,2018,20.3103159837594,4.010393731313723,3.1913685465842696,2.0948026961302095,3.650327776739474,0.76,2.0974781522289008,1.544041421466819,43.42036004442299,56.579639955577,11.863029994052171,3.943453384805065,6.561366485344644,0.6563963596032437,0.030514417293101434,-679311,-3.6842406995993504,-66.51982378854626,9468068,22.19,1.15,2.1,20.65,0.28054576824681204,0.28444600159975675,0.02884189511677563,1.5015344309299916,0.653637518482038,2.3846157550612266
三芳,2019,23.048177119969203,6.338856462855979,4.190466139462242,2.9025284980291675,5.223322458793918,1.08,2.1676322234760046,1.6333524000686404,45.4013858682349,54.59861413176511,15.94985181900917,3.8467844414280727,6.841645979136845,0.6926505074687577,0.34984685944869404,558542,8.208277059414716,42.10526315789473,9408396,14.8,1.14,3.38,20.77,0.2967003127826237,0.28782125823801963,0.0451569631247105,1.3690941745224743,0.678604837411241,2.4080694573086463
三芳,2020,22.076816719175486,5.903404457555987,2.582543252849289,1.4306676256424524,2.701978675249397,0.55,2.3793048319920795,1.9547641260526138,48.67881515862608,51.32118484137392,8.229016610318977,3.6009515191625843,6.534711530050711,0.5539762495996976,0.4613514196096303,1216911,-17.813083324189826,-49.07407407407407,9010578,23.94,1.14,2.21,19.79,0.33855808486718075,0.27810220124791984,0.02554441271297902,1.2065966742651046,0.5502781488087164,2.154145498908315
三芳,2021,17.583954784388897,2.874508573287212,1.3827874905161697,0.7708053380927486,1.4935791158389884,0.29,2.37810332458388,1.6769455225843244,48.09362775071595,51.90637224928405,4.039229123834445,3.3976542610405973,6.836241016433384,0.5574286312100067,-0.13777576823738377,-755456,-0.6840875287084769,-47.27272727272728,8294505,55.45,1.08,2.4,19.23,0.3291884996570923,0.2835128106513673,0.01319534980624645,1.1700434909748927,0.5687883617206023,2.1063032451665764
三芳,2022,16.11095053755289,2.7252383263100595,4.3676689150990775,3.1195182163390136,5.82785059378215,1.18,2.3471390133092047,1.8036031020782435,44.92032168726725,55.07967831273275,11.542947718900539,3.949992727240912,8.114631669495058,0.7142295528754038,0.4081147459848442,1021596,28.38132172361021,306.8965517241379,8155269,11.85,0.96,3.9,21.32,0.33846994003266223,0.28949431982363694,0.04232200544803426,1.178890049831217,0.6989262372524765,2.357378860922006
三芳,2023,25.04008234180016,9.785871266978734,7.537363920300878,4.900090138832364,8.726095170716459,1.91,2.4415424524026816,2.016064424205763,42.78667013072956,57.21332986927044,14.945455531012426,4.0672102875930065,7.478220512079122,0.6501066142812382,0.5660152619143469,1497798,-6.28757432875685,61.86440677966103,10283595,9.4,1.15,5.8,22.48,0.35004268128960125,0.3134866029755925,0.07055671717387231,1.5376253070437496,0.6453045047553347,2.659649317368714
三芳,2024,30.600477447586798,14.475795611467426,13.723807313330404,8.966563714564613,15.380990113771245,3.72,2.4088078963141415,1.97908314212917,40.72880510193283,59.27119489806717,25.88160634474344,4.505926675460311,7.683728794108664,0.6533583217723468,0.5771507854466317,1338147,6.8712614268877426,94.7643979057592,14659593,7.22,1.42,7.33,25.88,0.3219720459610639,0.33406309886520713,0.11236679072795867,2.0724778050691444,0.6206992690022618,3.0890511550105786
三芳,2025,31.642358170542366,14.260722409725139,10.469819397106392,6.5109740162509695,11.118588606329908,2.85,2.0239594617206973,1.6368536817353168,42.1505598014495,57.8494401985505,19.40282716049383,4.268596555197473,7.225342345405921,0.6218802607092198,0.33656569526275465,710123,0.325803153335924,-23.38709677419355,12849521,8.33,1.28,6.81,25.32,0.26706356475544973,0.3374206467017453,0.09024980174237017,1.7505713410298676,0.6210412645764579,2.762073598033183
中石化,2015,-1.6936729036689295,-6.858087409788846,0.36523557983552146,0.126105535513042,0.17937393013761796,0.04,2.864006862218942,2.5005826179979045,29.696843116336797,70.3031568836632,1.7534139907406427,13.864986402936987,15.911550232778554,0.3452717710849304,0.09283356182769473,-564591,,,18397513,,0.35,0.0,22.86,0.1298880415542761,0.4102856290181363,0.004369531526601686,0.8177840967053737,0.3452717710849304,1.5806272136364623
中石化,2016,-0.35458140845279107,-5.497479713956312,-7.367869945808127,-2.4567638981673667,-3.584564303661966,-0.81,1.5370907626697545,1.3859847047238696,33.21236150316136,66.78763849683864,-6.892209701126899,14.554679067864152,14.01425465815356,0.33344289682598394,0.02503256962722531,-944707,-2.9794775538074525,-2125.0,22967891,,0.45,0.0,21.9,0.07350133440777427,0.38090931997946775,-0.020606873836615438,0.9045112317963199,0.33191544100985065,1.4280941456873955
中石化,2017,16.111782557999664,10.751257575525775,18.27352256436516,7.706848675128716,10.723696292946663,2.55,4.4414158100327255,3.9036397915080725,23.37467119512487,76.62532880487514,34.42455523947011,14.48172575452435,12.066614024193699,0.42174948196127726,0.8258146087216467,1002455,31.364568017025718,-414.8148148148148,41442805,9.56,0.67,0.0,23.08,0.17882685262681283,0.4315855304293966,0.07945877296488893,2.1719977373759733,0.4083841077970367,2.792608666760085
中石化,2018,13.443486827989867,7.986578542555031,11.14265256574915,5.008079136043084,6.613681246856337,1.59,2.887610601150766,2.5879546824909805,25.09805645739476,74.90194354260524,59.81772221942754,14.730395029839174,12.45312135634225,0.44945125108155765,0.8383011342731858,2230764,15.500226932049666,-37.6470588235294,29563434,6.85,0.44,9.13,24.78,0.15756690539075469,0.45008263423221867,0.05302344840397555,1.3131016869353564,0.42921956127417443,2.2112539275625194
中石化,2019,5.494108950639975,-1.380700452813848,5.868361746354167,1.8675585117284503,2.5872737905167096,0.61,2.744029895053637,1.6341009845778414,30.346308934658357,69.65369106534165,14.267017421453948,4.687061046024467,13.649734565018612,0.3182418863132811,-0.9613338102911932,-13702928,-23.060538391160545,-61.63522012578617,27781530,53.03,0.41,3.55,23.68,0.15803564459234307,0.4084933743650388,0.02077290729853862,0.9489969231374639,0.3070857022847564,1.706567947874278
中石化,2020,0.21741341056510424,-10.310348145820997,3.8729763798085113,0.6763274804735838,0.9864981210057996,0.21,3.096473249833055,1.6486693443390867,32.448729620506114,67.55127037949389,1.4680814595972125,1.5687175359794123,9.933394685833957,0.17462731866880712,-0.47323520179818146,-8001953,-40.64597553599445,-65.57377049180329,38268503,,0.54,0.0,21.56,0.17482390380553844,0.373661135607772,0.003102478610473607,1.1241568970810405,0.167601693604203,1.5852482856849173
中石化,2021,14.176313539824669,6.833509747925256,9.929750780499486,2.9078635010512124,4.619099136393073,1.06,2.765799837501177,0.734126551467613,40.613913012229766,59.38608698777023,12.981259326312017,1.1014548426277952,12.32776358491684,0.2928435532099972,-1.43029835831246,-33742616,99.98405286169236,404.7619047619048,49770778,50.76,0.62,3.04,21.21,0.27076093835529985,0.31438243980334113,0.031068813219866032,0.9061294099338195,0.2600047278453603,1.6712579991822472
中石化,2022,-4.928312701937985,-15.366275774593808,0.9314204467473063,0.16870055318553714,0.2916973766287265,0.06,2.5466210160417795,0.6566588512639172,43.65320393824876,56.346796061751235,2.587593275392854,0.5831072974333724,8.892939368296952,0.18112180570511513,-0.36320114165984174,-12424423,-28.82426262776786,-94.33962264150944,37394318,,0.47,0.0,20.98,0.2780021522937637,0.2900873181281548,0.0083544963837875,0.6070045003074441,0.17734747413016066,1.3088448405130588
中石化,2023,-4.119991425841517,-11.549309702253941,-4.0131286690890455,-0.7391443700952295,-1.3394093925534325,-0.28,2.2027205479902454,0.610631140685003,45.941535827668794,54.0584641723312,0.17851702405171166,0.5725276614042628,11.139739036388523,0.184181577777074,-0.13634067609857095,-5980242,5.539676987125719,-566.6666666666667,36977985,,0.47,0.0,20.78,0.24954953134053473,0.27676834381137705,0.0008726508046454672,0.5524104191477378,0.1812852536941388,1.202546371782681
中石化,2024,0.9341972415280542,-6.218535884614504,0.8433561936463637,0.17212121525479526,0.3128385307938015,0.07,1.9964831170931623,0.5137969840899124,43.995616792161066,56.004383207838934,2.2006852992934345,0.5901936306886598,10.430408874863817,0.20409077036667758,-0.059330161087300784,-3066983,11.181565074675204,-125.0,27818648,,0.35,0.0,21.0,0.2386676416919166,0.2856757637438363,0.011653049891448407,0.4450160222352456,0.2066903362461184,1.1985022535007162
中石化,2025,-9.57125949522278,-18.562981005599617,-15.436176616659639,-2.1857695476821863,-3.8055894694356884,-0.78,2.0731430711161813,0.2856683193663561,40.99179303432773,59.00820696567227,-2.576906741095807,0.41989564938001844,9.26462247823056,0.14160044951307268,-0.13795896759203383,-6710424,-34.56423554779301,-1214.2857142857142,29408285,,0.39,0.0,20.15,0.2313272223354507,0.29079958256768806,-0.013791066479374623,0.5546756280516483,0.148577351995397,1.1205842918417537
亞聚,2015,11.739667774931773,7.936462037630893,10.247105141760196,5.1709036291668005,6.01571841082102,1.08,2.255059234089448,1.5256708605014235,14.043456225187917,85.95654377481208,315.1675702316412,5.764576049033593,11.344030668366576,0.5046209205069764,0.7305253007622371,-1006361,,,8507010,13.62,0.98,4.64,17.92,0.13294402501223276,0.3804104566541858,0.062207131093399946,5.892770679569281,0.5046209205069764,4.9376743301873045
亞聚,2016,13.232897841375044,9.632389809844511,11.297932325245382,5.337317547127333,7.26354281325716,1.32,2.564100111996762,2.2864198670795886,35.261170922020675,64.73882907797933,37.215026261703585,6.967191303334825,8.557181242063859,0.4724154290782062,-0.28748171344740214,-1030489,13.608932589760503,22.22222222222221,9582588,11.79,1.01,4.72,18.88,0.25865313558684855,0.2830956912218783,0.0555433803164261,1.852486765449588,0.4017261997232589,2.4032291444520655
亞聚,2017,10.884215657602732,7.352524417722818,8.827494934395009,3.8269371553470974,5.854442512882711,1.09,2.196406938791044,1.8706919591219051,34.01136501671383,65.98863498328616,16.702145491116326,7.95262887650164,8.40224314612461,0.43352470704185975,0.4120838309679919,841313,8.673051845856383,-17.42424242424242,9999600,14.87,1.02,4.66,18.95,0.1880796458671924,0.2859876118588591,0.046888609378286546,1.9763887206146182,0.4305234316668841,2.397167306627034
亞聚,2018,4.462117972735945,1.1291056784061324,4.4991368024578,1.8824467384119261,2.953785987121301,0.52,1.7692781877783348,1.4699766290080676,38.424193808040044,61.57580619195995,8.893552887250262,7.904912643423062,8.591176407171426,0.41840175595095896,-0.04164952729912373,-267471,-0.45800844941507046,-52.293577981651374,7262404,23.1,0.76,2.29,17.32,0.1284118477910554,0.26294490170789453,0.022888247357325992,1.2117523764425884,0.4087215695245139,1.7335212914095615
亞聚,2019,15.247004302801423,11.756568137064125,12.089559996919522,5.049200152739011,8.278818222372445,1.48,2.000316621238402,1.8437591605569295,39.55111391884615,60.44888608115385,18.535405872193436,9.873011489363162,8.342560385731616,0.4176496211628521,0.20188490858472735,430097,6.525713812446932,184.61538461538458,8759236,9.4,0.86,6.96,18.45,0.14599046947156402,0.28278598750074674,0.06151382155895752,1.3086629840626505,0.4012953071043582,1.9605776545534304
亞聚,2020,19.79736816359507,16.170694511800203,19.349138237861148,6.5288268909905565,9.880200265316406,1.9,2.003973104308016,1.7929638803782595,28.275873792304836,71.72412620769518,31.21865669887392,13.092253224841656,7.650159748694246,0.33742210173553716,1.9458854675107289,2593519,-16.01510611520246,28.37837837837838,12515172,10.89,1.03,6.51,20.8,0.08796000450854305,0.31117766259762564,0.07865358273102448,2.621550503795802,0.337817691032483,2.7115055493692726
亞聚,2021,37.609641752352886,34.69914162026792,32.41885451869068,17.294756359292244,22.495086791137282,5.22,2.110589847879358,1.8098365821746512,18.528800889172437,81.47119911082757,165.36732181330518,13.318630678077684,8.848655978879734,0.5334783296961085,1.414225079644113,2342922,67.71694310872569,174.73684210526318,21760681,6.03,1.41,8.19,26.04,0.11364679886435979,0.40101839203066453,0.19816844767770936,6.188169931610918,0.5040329749180996,5.568692718701254
亞聚,2022,32.93696025768665,30.023518307888107,14.746001459757041,8.184482202653399,9.753486698527345,2.44,2.4469782447556914,2.0980711678985156,13.258705622288716,86.74129437771128,177.29434584424402,11.70287929026695,7.88334489892954,0.5550306111788658,2.338607801128824,3352679,2.6084453041262723,-53.25670498084292,16743553,8.96,1.18,4.26,23.94,0.13684957641117923,0.4453670695346066,0.1115359550957351,7.704877017326773,0.598858491687863,6.377586742941717
亞聚,2023,17.06081825446828,13.753437481018674,1.7311565299931757,0.740620955043345,0.8439818751909292,0.2,3.242270291184365,2.625230275085767,11.142017397242908,88.85798260275709,17.586040386303775,9.478186308077195,9.105587283599004,0.4278185953792778,0.79964730849133,452273,-31.56494349859994,-91.80327868852459,13893586,100.6,1.04,1.92,22.47,0.1536493328632108,0.44603701821960207,0.010674614961714169,8.30655534331178,0.4474598427931727,6.275450303097193
亞聚,2024,2.2382199690744864,-1.8145775696180537,-12.443490305352144,-5.24636617489819,-6.046865991136527,-1.26,2.9897911403432356,2.45168623137904,15.552332999230067,84.44766700076994,-72.85859882834444,9.605334493218256,14.333145987977419,0.4216153222413525,0.30815057205912244,-60287,-10.210643596489454,-730.0,8074918,,0.7,1.84,19.34,0.1612459821202051,0.4190769042966955,-0.06676361299222934,3.8181122682985182,0.44352142391233207,3.294271706576706
亞聚,2025,4.3413987949516395,0.05352442866067741,-18.186866073312796,-8.255309553657758,-9.617847948936511,-1.76,3.040014619933294,2.2294756645710665,12.557249622834807,87.4427503771652,-54.35230294649505,8.449419642788483,17.400519606432212,0.45391600292100387,0.2761471663567378,-118886,-4.776675411099429,39.68253968253968,7807734,,0.76,1.52,17.24,0.15209497635013436,0.38627960119965055,-0.08729679613961891,5.3113728339329915,0.490600661569231,4.112650347967955
南亞,2015,12.116105370028043,6.203363895001176,11.915797421650696,6.953385203165199,10.569970827683873,4.5,2.9989588940000944,2.4172391148118604,34.215663254684245,65.78433674531576,25.685838057600712,6.800037063951707,6.636799820976833,0.583543421989625,0.9491374225086217,53142724,,,483780081,11.55,1.49,5.41,40.89,0.25915597462410583,0.3303418902843254,0.08839836434511927,2.7522729004023616,0.583543421989625,3.300087580516918
南亞,2016,11.439192534919096,4.824965747309287,17.74110243443319,9.294845562436805,14.17746070909802,6.16,2.5610295494230133,2.1443275566340407,34.653128050882096,65.3468719491179,35.22642122271109,6.577762047339371,5.92457839762264,0.5239158951247983,0.5462500215206918,36210258,-8.168279238285269,36.888888888888886,564674455,13.27,1.67,6.32,42.68,0.24676784230106405,0.3561092487642297,0.1031679388309726,3.0334160423816026,0.5124762073500501,3.4676543899524197
南亞,2017,16.3109524496169,9.750320010502909,17.809180292809348,10.084754446349793,15.181558286772749,6.87,2.6614409292109755,2.150264628313677,32.50522515529667,67.49477484470333,39.58205917095758,6.73191126179425,5.893891776490089,0.5662671880761195,0.5163143639639738,31758511,11.204556840454206,11.525974025974017,617810956,9.85,1.74,6.55,44.84,0.24332394549054298,0.3831858249028419,0.11837280419831082,3.493385704163428,0.5626834238842874,3.8777939896894003
南亞,2018,14.714185269533955,8.833433975388814,15.836718293158777,9.46693702054631,13.988672545240464,6.65,2.5708590766720674,1.971275821448884,32.15161120816651,67.84838879183349,36.69845816779994,6.3283502268748,6.382541422152,0.597784013411155,0.6792732994767785,34411797,8.793889142570976,-3.2023289665211063,598776986,9.75,1.59,6.62,47.37,0.22531020044452696,0.387178034175871,0.11091403377396958,3.2658600031486107,0.5840630305047751,3.722016832227693
南亞,2019,9.825344897904147,3.452769605231497,8.060033686192645,4.102684354588258,6.215994206582052,2.91,2.2447915283451163,1.7470704049456303,35.8960938175884,64.10390618241159,17.470358448508666,5.69863816670635,6.20310494909863,0.5090157826035417,0.626218437990736,22815374,-14.038996574687278,-56.2406015037594,577363769,21.91,1.68,3.02,43.45,0.18742417896325883,0.367970058571514,0.0510375809847921,2.899752043588369,0.5161602020040867,3.1645025421629525
南亞,2020,14.485470526062477,7.762871975523179,9.405045196261142,4.512770140073053,7.220049111124735,3.24,1.741950563619988,1.3986553692600965,39.01505931428535,60.98494068571465,24.123376628309703,5.651462960204812,5.688062110983898,0.4798243970020526,0.3472724450683858,11498679,-4.522918143183374,11.340206185567014,570226030,18.62,1.65,3.34,43.45,0.1521269021534789,0.36365013855265826,0.05430714634798023,2.499611431617166,0.4675013404497169,2.8381442589262473
南亞,2021,25.225307010238684,19.67594506936497,19.747600210577204,12.971840026137768,20.7034769790644,10.25,2.245213856223805,1.7401522386428872,35.883994569688866,64.11600543031113,69.62383821152393,6.236128053542509,7.210942092828613,0.6568818432525181,0.6920244493645092,49698166,50.599838730615666,216.358024691358,677292113,6.53,1.64,8.78,52.21,0.21224660581103516,0.4089430684362461,0.15697977613980427,2.822584221509621,0.6156321691742613,3.6544321861253746
南亞,2022,15.177159511722538,9.01783389027581,9.040114498626483,4.813897929527809,7.8044069689182205,4.05,1.4259441734211458,1.1152951558957573,40.76478882319521,59.23521117680479,21.619087347083198,5.450416469628493,6.302530767848477,0.5325040883341923,0.4414570004906743,44054465,-13.721436429466216,-60.48780487804879,563088291,12.05,1.5,4.23,47.3,0.10919683273105425,0.3720118093750304,0.07493728740896531,2.0761715239606864,0.5338564181808325,2.678705113409137
南亞,2023,7.405429934099835,0.7637386663351958,2.42922817403133,0.9605477479063689,1.6364545469293705,0.8,1.6912405447799126,1.2938432048972102,41.85538846002525,58.14461153997475,3.2837794470442834,4.646040940614146,5.841296706559148,0.39541273157240303,0.2804679059944874,11719947,-26.867241787550256,-80.24691358024691,527399597,58.02,1.46,1.05,45.41,0.13558578407182395,0.3558854308936781,0.020243093515508036,1.942941464728619,0.40053068306216866,2.2940403146378543
南亞,2024,7.155040076252053,0.17238804943057273,1.2866024104458866,0.5276659043321,0.9031191183090157,0.42,1.3186904176098806,0.951192730292176,41.27629659220823,58.723703407791774,2.040392138553046,4.71466680750027,6.473539635507242,0.4101235160512652,0.13354438548997205,6145381,-0.05653820157787148,-47.50000000000001,237131578,54.12,0.68,2.34,43.7,0.07260315336254829,0.3710571840138428,0.014367128375713913,0.9304013785966779,0.42043664102396283,1.6326928334762632
南亞,2025,8.305542361333238,1.4249371509738322,1.738512439053158,0.7358848894556881,1.2305512073104021,0.57,1.3202317717115175,0.9393621635775967,39.10908947339067,60.89091052660933,2.513550943928567,4.627683776392568,5.8939988061053175,0.42328422444677555,0.06421192635170296,-2679968,0.11681474984774898,35.7142857142857,477435484,73.7,1.34,1.33,44.85,0.07064432597287974,0.37691715782482355,0.01756681782683486,1.999315258197777,0.42566720831831767,2.2956840741877476
台化,2015,10.236212824337294,5.882546460011224,8.373539100842862,5.376018769188045,8.279811835882668,4.72,2.5613184716460755,2.075619271674556,35.070761561395614,64.92923843860439,16.611007946226444,7.390533912060528,11.724885267831333,0.6420246808959077,0.8180332095215557,50286089,,,433727764,12.4,1.53,4.73,48.41,0.25066932212870063,0.2697178377951202,0.0746503385096142,2.4108322715817194,0.6420246808959077,3.0132783203942752
台化,2016,14.896887443927936,10.474676483934552,13.731957901725528,8.290548933338838,12.300250136118013,7.5,2.98959199741598,2.456637505544603,30.26912243352343,69.73087756647656,28.43188321159094,6.608171682371975,10.547935043638144,0.6037412139384046,0.7538612937534398,50749359,-3.080219021077213,58.89830508474576,564432212,10.18,1.76,5.82,54.77,0.28946513863074486,0.2959962481581188,0.10408706916631008,3.4250321752000827,0.5863026711705766,3.7465622183177096
台化,2017,14.841801148681743,10.857068325574726,15.180675936682375,9.744376910066608,13.634375062081725,9.33,3.0796401800140862,2.608465625540409,26.877214121905062,73.12278587809493,29.719493745221087,7.531562400484793,9.671156163599068,0.6418934802843944,0.8642923857248237,59358386,12.28580060651816,24.4,603702158,9.48,1.69,6.8,61.31,0.2995080799099056,0.3177079153664131,0.12061225165056268,3.924593020930995,0.6262535028236059,4.183230523233925
台化,2018,13.134990160159582,9.4027573423429,11.95737387824955,8.380850279413204,11.45056756617707,8.36,2.400414810038848,2.0012532426036858,26.741873840361087,73.25812615963892,28.706341134209303,8.721757875457001,9.466415084460056,0.7008938889715544,0.570348422510206,42147008,13.793340522281383,-10.396570203644162,615424530,9.77,1.66,5.9,63.39,0.25151935009968845,0.32750279588739517,0.11160750630905177,3.890698108003131,0.6895335965421606,4.152584366525889
台化,2019,10.15221368056991,5.228138679379695,9.41778465749096,5.201566188240336,7.050027880992958,5.09,2.595841910914034,2.122204818493509,25.65767073197771,74.34232926802228,21.22456401211326,6.77306189050159,8.691108217546585,0.5523131370500153,0.6772721262561118,42040031,-22.673275948168115,-39.11483253588517,512853775,14.63,1.44,4.34,60.95,0.25256600358256565,0.33880173288911714,0.07073006543938666,3.6306161700344535,0.5728547055057225,3.762035253820213
台化,2020,11.659174760046666,6.049720715005339,7.715970160098277,3.6113622922901336,4.857234931202153,3.34,2.938820664480151,2.488902561135096,25.641718862292368,74.35828113770762,20.142078867783663,6.021835817506855,8.224139233419734,0.4680373585379621,0.6291479909333512,30530999,-19.687051296846004,-34.3811394891945,496442454,20.49,1.44,2.95,58.87,0.2677822597668249,0.34606326931089604,0.049004462085085604,3.640464197516162,0.47627856070244823,3.628099092848372
台化,2021,14.608147814728643,9.412682136062104,10.486079386034957,6.788269549136264,9.139341657640312,6.56,2.9043762678624785,2.3485340403481105,25.798535474679134,74.20146452532087,48.86002915880289,7.785181644137877,10.361534000718118,0.6473601142269316,0.4560828941782319,22577012,44.42155489826576,96.40718562874251,473583829,9.43,1.21,5.94,66.84,0.2702686857200882,0.348448681898248,0.08558260837328487,3.0679618075205815,0.61137292417909,3.5467231938449317
台化,2022,3.354165907523622,-1.391450861849466,1.9372460076718303,1.2756018347779468,1.8008381346040172,1.26,1.9331617035402175,1.518993270905222,32.79333609309133,67.20666390690867,6.334528416082383,7.678009165093763,11.312364791600176,0.6584614600966228,0.2798802072109789,9761159,3.850191143760373,-80.79268292682926,413213613,43.42,1.27,1.35,55.76,0.19644473338366025,0.33856894439631,0.02049735023343581,2.268134288930721,0.6838252108515543,2.822077242195552
台化,2023,3.434687643554595,-0.9170369438285513,2.570058926755814,1.5245926468594013,2.2583675690762344,1.46,2.1230334032951017,1.6858551284602827,32.19494469093671,67.80505530906329,3.4466233462534954,6.930441256848257,11.462426238440958,0.5932131092355517,0.18141080528492343,-2417247,-12.444711167339516,15.873015873015861,365151888,50.66,1.08,2.01,58.0,0.20089391215480645,0.3379352866202741,0.0183885613886748,2.0043285588386257,0.5878016447046048,2.565263128444559
台化,2024,4.031737417156633,-0.4459977682527345,0.10883613217193037,0.07180238863667601,0.11010592628836705,0.06,1.2212621148816185,0.8891896171844136,37.77654626876822,62.22345373123178,1.2747734997244187,7.7295776714901505,12.05243032098095,0.6597293307267525,0.1504112742334422,6733682,4.806705383715393,-95.89041095890411,160010378,220.57,0.59,1.83,46.6,0.05742302560095437,0.37410553934487456,0.008852034426741708,0.8627579440524066,0.7100679068241761,1.8495897726678372
台化,2025,3.249424622017849,-1.4088317309838263,-2.019669633196388,-1.1257761354349431,-1.688680725270969,-0.99,2.0939733236045455,1.7256623012150303,29.287031461675728,70.71296853832428,-0.6462282836564492,7.358415218929746,10.857810493037835,0.5574060811387538,0.27876851904718725,10790907,-17.662740167544378,-1750.0,188144071,,0.54,1.87,59.13,0.1828055571087015,0.33971932370472246,-0.0036474352547474376,1.1919915171878144,0.5325877950804152,1.9307198907694905
台塑,2015,11.394222763747466,5.4823354014853765,16.120079002682367,7.290954532462199,10.74235194484244,4.85,2.4982909842739947,2.2175047371477477,32.12888043606976,67.87111956393024,26.903452287106994,10.164907315750286,16.801533462959558,0.4522902481587708,0.6866670303597878,35182311,,,490161980,14.49,1.71,4.68,45.15,0.21037599080332858,0.3486404484711431,0.08606618566825278,3.602380124737273,0.4522902481587708,3.638284552529963
台塑,2016,13.486576848791135,7.22483342582952,21.863709335848366,8.96133215500295,13.11979662144282,6.19,2.154712880586605,1.9416752639196324,31.29387807481967,68.70612192518033,32.288012294130795,9.213274719486117,14.34043177569119,0.4098724519864381,0.45426518705917174,33135882,-5.937079823819314,27.628865979381455,567824008,12.96,1.81,5.16,49.18,0.20388505247325064,0.35695139268565074,0.0992268127436971,3.9820588274174127,0.3954062043925886,3.856483995625048
台塑,2017,16.191386807071588,10.613043395073445,23.88994800946864,10.600168776362613,15.008146121566652,7.76,2.5845550180137975,2.3373746054957065,27.529687817428993,72.470312182571,36.93681838353399,9.968460492540654,13.93749641380935,0.44370832335680677,0.6463786026752774,39359469,14.728363695748925,25.363489499192227,628298538,11.32,1.82,5.78,54.2,0.23722926088702442,0.3826105858706346,0.1185372365312306,4.793944508379961,0.4341993933023054,4.522068912166661
台塑,2018,16.194844653119738,11.00026437032974,21.508674824264357,10.137139037102564,14.145328054449632,7.78,2.218659813475651,1.9687326029632755,29.100978100346047,70.89902189965396,39.57488716521175,10.06203410925113,14.360012969327379,0.47130467683051575,0.6081466960219126,34834737,11.446132283403854,0.2577319587628857,642939740,11.15,1.81,5.74,55.86,0.20181138697573078,0.39556718446692657,0.11679135898113738,4.405348372176731,0.45934981616348747,4.283938046731853
台塑,2019,15.450647406901597,9.716865411035878,17.957381973256954,7.475288639391275,10.592601894614736,5.86,1.966960300270001,1.7623368148100311,29.760253959400373,70.23974604059963,32.06373122490093,9.005978032817735,14.001720771771259,0.41627942483619584,0.5217144449888533,29287149,-9.776208864185264,-24.67866323907455,635300852,15.07,1.82,4.41,54.85,0.17367848171916794,0.3990196431211483,0.08766711245162147,4.294469884095232,0.4181323812754032,4.051157461255502
台塑,2020,15.636269084030832,9.202358139876937,10.78296746136265,4.1042293809141395,5.878394833917485,3.15,2.426718840796884,2.1823226148602943,30.617625080839154,69.38237491916084,21.022292682280188,8.97028730172777,12.59782346603835,0.38062151217838186,0.46069065359830563,22561414,-10.601548419586926,-46.2457337883959,613657336,25.24,1.85,2.49,52.24,0.2031811197095359,0.3969072527713071,0.052941146315087444,4.181814265295773,0.3876924574488618,3.870974296997387
台塑,2021,27.83676057988386,21.98990007617043,26.080319482685677,13.950761845770126,19.39724050739328,11.21,2.5390278178450965,2.2100075346235295,25.84037054134683,74.15962945865317,109.74566411829376,9.582748040173813,13.164906539169015,0.534915297147024,0.7762060522329016,39662686,47.243575349152025,255.8730158730159,662036960,7.69,1.64,7.88,63.34,0.2110087412952897,0.45294903855036706,0.15955603480246747,4.712387580240647,0.5032350711584144,4.744541677675807
台塑,2022,16.912057020873743,10.649512730421954,14.362506668756787,6.852161554941261,9.500341446956757,5.68,1.6775995239889459,1.443810437610548,30.03779368888648,69.96220631111352,43.22961099422017,8.909259722050894,12.140014407524042,0.4770867448818654,0.5925271000420181,42026151,-8.023056765984816,-49.330954504906344,552546232,12.68,1.54,4.84,56.19,0.12705404415222968,0.45040267789808996,0.08768910426233255,3.5980196177439976,0.4922155204033283,3.7234299371554256
台塑,2023,4.934477427266715,-2.1118438424476214,3.6847213338063236,1.408399225129743,2.0814866899958253,1.15,1.54835758441017,1.3404097233104144,34.551527871861595,65.44847212813842,4.309716282231463,8.634232009612608,13.230648479828087,0.3822267947939673,0.05972076535399871,-7451867,-20.865936464406452,-79.75352112676056,504166608,77.25,1.45,1.26,54.57,0.10652440201627335,0.3971906714803179,0.017165893320135316,2.7493266798202103,0.3752108261043036,2.7653505044448496
台塑,2024,5.073185560910869,-2.0804552993501857,-0.6157582800033835,-0.2397436431956414,-0.3871398653061971,-0.19,0.9076943747038729,0.700097667285772,41.835056330868916,58.16494366913108,0.25414006540319356,8.319122348298475,13.94669254836635,0.3893470067415481,0.09827079774735048,-4665115,0.4527345269374594,-116.52173913043478,225983806,,0.78,1.41,45.4,-0.02166870822985882,0.40541060599797263,0.001655721012929495,1.0872491593578522,0.4026333264790784,1.6020190999577881
台塑,2025,3.1943824085370323,-4.278788534631355,-5.728623583268415,-1.9061658339780432,-3.081449607487765,-1.58,2.0497001693142747,1.8215869310644013,34.84822946144438,65.15177053855562,-2.1965517921186772,8.181663986833641,13.258060285938269,0.3327441236574489,0.08729124314305015,-7929165,-12.311988241052196,731.578947368421,248263899,,0.68,1.28,57.06,0.14277307320478747,0.3534086499648984,-0.01259075106326792,1.2778692453312348,0.31463815463064665,1.7059100211172062
台聚,2015,10.382172616214834,3.3836159964989987,1.6795317715982208,1.5298423709174902,2.8330145874819115,0.85,2.0820686788541605,1.5972220898077902,45.99948840089557,54.00051159910443,10.036484403769828,6.736737426514397,7.534843929923986,0.9108743262782769,0.1994815261686138,-1267432,,,14853826,7.67,0.87,3.85,16.52,0.27042929349408934,0.10314642145157167,0.038394194484114325,0.5616056771913701,0.9108743262782769,1.8434587166157836
台聚,2016,12.958335634721985,5.9536066035331965,2.240160572492217,1.991018415953769,3.7722943708804,1.15,2.3705756683774886,1.9039212323627248,48.35189826354262,51.64810173645738,15.502913593305818,6.778948223705226,7.585500012070634,0.8887837954128112,0.314895135803967,2035193,1.3908003433410254,35.29411764705881,18110242,5.84,1.02,4.42,17.2,0.3159619956133895,0.10443510594926485,0.05295531649688949,0.6041582814832231,0.856546336647957,1.9191573930426644
台聚,2017,12.259502163821917,5.810146062172318,1.9116026587083557,1.758518753395362,3.325826239802071,1.06,2.369877264719286,1.8367514572861352,45.94449864475414,54.05550135524586,15.702495606030592,7.541421440906928,7.69060631614847,0.9199185538816783,0.3367242480814012,985799,9.4760014392679,-7.826086956521728,19113446,5.49,1.05,3.05,17.24,0.27364622128283644,0.10464603211881209,0.05785532224187058,0.6460424846931422,0.9027871776142103,1.9562151423340093
台聚,2018,9.516342345733046,3.17411600339109,0.8867017854888005,0.8095894580682224,1.5153278144063504,0.5,2.054315160529257,1.596821110657924,47.16022536144477,52.83977463855523,11.32110722396121,8.126001024418956,7.329015903873855,0.9130346541728576,0.15152448329841608,142405,4.745196794925821,-52.830188679245296,14146280,6.6,0.78,2.52,16.96,0.2239073138745934,0.0987784674293493,0.0401040784456671,0.43478414543939486,0.8826148260010235,1.6828074031859628
台聚,2019,12.096232871414443,5.267525455721527,2.3022620027284746,1.825086144947987,3.388433012758573,1.19,2.217771474695003,1.8283969884716165,45.15013527467517,54.84986472532483,12.785100728555301,8.418827096495537,7.138112938459027,0.7927360755574417,0.4806323728378642,4069507,-8.598383844003942,138.0,16464368,5.33,0.88,3.61,17.4,0.21540946010730636,0.10860110100853493,0.051054278912660477,0.510541418250747,0.7792247606487662,1.6645616255517104
台聚,2020,20.875729585582423,13.71796288910841,4.800232854652909,3.2400310689789387,5.482962059754093,2.25,2.2465321864452488,1.9083483983486549,36.988104781671055,63.01189521832895,33.13042987956155,8.620342340610092,6.911240310397684,0.674973728792833,0.8513750896777081,8484974,-9.801989663749811,89.07563025210085,26866044,3.96,1.28,4.42,19.58,0.2047956950677842,0.12282192623100285,0.09498520495104036,0.9393434948646497,0.6492284154743367,1.9439912195363047
台聚,2021,24.741923069858494,17.953899644434433,7.234833512929217,6.403210208263746,9.948190932974441,4.84,2.2744695884653323,1.785720408986045,34.400446480458584,65.59955351954142,77.31759995691125,9.07893723902623,8.505299014326795,0.8850528760365675,0.5744959493110326,5310857,42.93570204883051,115.11111111111111,37505473,3.01,1.47,6.97,23.75,0.23362703492415635,0.1603229337013277,0.1523077696250524,1.2853032592042042,0.8459223320783174,2.6245244764543587
台聚,2022,16.46691739597028,8.63371384449796,2.340704945045633,1.9131792865285355,2.9184559392156766,1.45,2.934643620456359,2.2665154149688513,34.49465240404397,65.50534759595604,4.235493454646736,7.4998462447744005,7.666940995174892,0.8173517514789707,0.9047806592088221,6516997,-7.4118595606176285,-70.04132231404958,26271662,32.29,1.07,3.17,22.84,0.2681633940266886,0.16239969378544444,0.011736449517760568,0.979676010650683,0.854589415348692,2.0302809492793603
台聚,2023,10.726674695275566,3.098330381758937,-0.3960718313421192,-0.27270935491259873,-0.42044999336591793,-0.19,2.4944437810223103,1.9101925129131718,35.81463534424004,64.18536465575997,-6.191988919503012,6.607614594520303,7.7716043480737,0.688535092204115,0.40141214675760284,1463130,-21.33198966686125,-113.10344827586208,23478069,,1.01,1.77,21.69,0.2390643232695184,0.1556158430884317,-0.022511838184067687,0.8849995504903048,0.7055863754585775,1.6670364079925635
台聚,2024,4.504003242148177,-3.9380251268052113,-4.210052212042325,-2.943691716231611,-4.755552547784947,-2.0,1.9637353204452765,1.4916405003118187,40.45650962090818,59.54349037909182,-16.93392657497205,7.028505846405045,8.969003946521985,0.699205512894009,0.10108359159460358,-2227060,-2.404308279448397,952.6315789473686,12779213,,0.61,1.86,19.4,0.19717406204486093,0.1257766264667314,-0.07253707870490064,0.4397517004865612,0.7101195244947955,1.1472943365678172
台聚,2025,3.051197768773722,-6.003518520275279,-6.318968627036964,-4.132118676241843,-7.135762373781129,-2.6,1.8934053397883712,1.3970904335262286,43.95093956900281,56.04906043099719,-18.993389173276544,6.547175712345539,8.44334824415515,0.6539229611873292,0.0700338698804822,-2822222,-13.409928012296701,30.000000000000004,13195280,,0.75,1.35,16.33,0.17480143540840046,0.09528700619302258,-0.10546493989134446,0.47462394808461555,0.6982435383659681,0.9781471367356129
台苯,2015,9.908672190540655,7.190229347181553,5.287450433700594,5.832634331506261,10.535912101395303,1.31,1.3492167403172495,1.1231924638693496,44.640442371061276,55.359557628938724,17.80817511023126,14.997777326702527,18.82328698543577,1.1031090323477701,0.4629623735416482,922929,,,9000166,9.96,1.45,5.87,11.74,0.10237985112732224,0.09316118133074143,0.06654673930569237,1.69487661431666,1.1031090323477701,2.592920715862376
台苯,2016,15.736642670692778,12.788486025339022,10.029138509672666,11.919358494479313,19.970332740780485,2.67,1.589232852998326,1.4062697072644792,35.949350486954515,64.05064951304549,36.384981412639405,17.62256633847576,16.39807070170972,1.1884728167811833,0.571013087100121,1654155,7.250387534101899,103.81679389312977,10530987,6.05,1.47,11.03,13.61,0.15234666417368398,0.16826301261461682,0.14530528886164404,2.4851177110930873,1.1939061503998132,3.5828684449679753
台苯,2017,11.451670570854812,8.69553338911326,7.157219534689108,9.296656524649812,13.962722174629086,2.0,1.7639128499734797,1.4756571263738538,30.686716905768773,69.31328309423122,44.23415328036637,21.184138182702835,12.547727393557635,1.2989201294708694,0.16629620921536556,224652,4.812984315455338,-25.093632958801493,11982626,8.84,1.64,7.05,13.81,0.16386998954936116,0.16875351440145997,0.1167045365402097,3.5743116409027604,1.35022821240436,4.312839075149985
台苯,2018,12.852099514167062,9.97876569283818,7.907614641790682,11.349810356898711,15.91140322397937,2.3,1.7255397530587713,1.4289474684784549,26.571073047634613,73.42892695236539,84.58527759775329,19.35304393018522,13.497108010880057,1.4353013988461814,1.1741340532129894,2595703,4.283339793988494,14.999999999999991,11877053,7.46,1.59,8.89,14.14,0.1652209704886163,0.24225041450817628,0.14901752095090734,4.252996098304395,1.4636143362265017,5.044585559244919
台苯,2019,11.391216041980496,8.762140234671307,7.218568784413034,8.903277759575516,11.802826501735437,1.67,1.7802354158582332,1.5405316811991239,22.302297142559894,77.6977028574401,125.10170304629408,18.937554329290155,13.558478578308012,1.2333854570729108,0.5239202367646295,658159,-20.563844184495082,-27.391304347826086,11032462,9.12,1.57,4.78,13.3,0.15170207629943094,0.2452817190081792,0.1121087337503286,5.3166390533000625,1.3132996401035129,5.398678791630402
台苯,2020,3.7605637708802604,1.1133427212976343,3.5437942371868156,3.139384404799289,3.9136496829167333,0.55,2.034920145050536,1.6846466525081316,17.183537737576245,82.81646226242376,80.9084613719974,18.05498498717233,9.365035208808637,0.8858822478619525,0.01655574009477826,-264484,-33.603676910523106,-67.06586826347305,9950331,36.45,1.37,2.65,13.77,0.14139366226641828,0.19680117438587186,0.04148498119806444,6.425189391493461,0.9002321254009766,5.337440237110588
台苯,2021,1.1346407585579532,-0.7314144013462164,0.8929815359651208,1.1424914097979637,1.4102466273340644,0.2,1.6708991719603958,1.1587852362880333,20.733676804108743,79.26632319589125,-1.1299011251278555,18.41293997842489,13.046290098576538,1.279412130916208,-0.22618069675264252,-554294,44.381747085776624,-63.63636363636363,9184921,,1.28,0.86,13.57,0.11645616446163591,0.19140989699102826,-0.00035637512514530837,4.763805039666733,1.2596813270833267,4.524509566111789
台苯,2022,-2.542912845535539,-4.179155684318295,-2.908870106955366,-4.106175334966191,-5.306111269893394,-0.71,1.4771734214876033,1.1763258181818181,24.57633242107172,75.42366757892827,-49.21875829132396,18.891403444527175,13.57999400973972,1.4116049132437922,-0.004696859504132231,-90506,9.73145332907177,-455.0,7126232,-888.0,1.1,1.48,12.26,0.1012219937329512,0.15002062237844466,-0.04162747143161045,3.2533900169923147,1.4422156019176344,3.5883742201980726
台苯,2023,-4.311446946510401,-6.398704059937228,-4.844095836343967,-4.949535903368693,-6.647585718817382,-0.88,1.170108768561478,0.8514123535858084,26.427092991194286,73.57290700880571,-31.090979140293907,15.30595626230315,10.623321313988814,1.0217667177915095,-0.11940237398753596,-374808,-25.772431219639703,23.943661971831,8261150,,1.19,0.0,13.12,0.04000223697056827,0.08377751811802765,-0.05785928471841826,3.20183355031198,0.9772593095463333,2.8727150098926617
台苯,2024,-3.053679700672506,-4.835173781881022,-3.3340453508466297,-3.850174717981976,-5.181199334062305,-0.72,1.1066730582966693,0.902644991118434,24.970833641879636,75.02916635812036,-20.26305583711604,19.811524140107288,12.435954173001438,1.1548057428205898,-0.12851688569764075,-311499,19.722483021495663,-18.181818181818187,5035880,,0.68,0.0,14.0,0.023829189032531194,0.06915795102367181,-0.04588664032097066,2.012658146903566,1.1400019121554203,2.3215870455105345
台苯,2025,-6.252006046732126,-8.327607261243546,-8.354100912912669,-7.252736055781778,-9.632048197992042,-1.37,0.8931500078119076,0.755401865538341,24.431666693435698,75.56833330656431,-27.901717485057123,24.31001660487648,11.1735866799781,0.8681647649924187,-0.046647138420605895,-117697,-24.067044035948715,90.27777777777779,4676928,,0.63,0.0,14.02,-0.023478883249546265,-0.0029091244920576285,-0.07403852331314949,1.9216377190791116,0.8707071842726587,1.7471152545983961
台達化,2015,5.122592841309799,0.8533123014496907,0.3965500585355454,0.7322412916421909,2.0006915385488298,0.21,1.4056477023064493,1.1021176710214027,63.40059036920251,36.59940963079749,2.3455402672136283,13.221062262219338,6.683536975472668,1.8465292738736416,0.35230415175793645,1282474,,,2480318,27.91,0.73,0.0,10.3,0.17709243438863193,-0.0074946156814908165,0.017856927913515175,0.42423225516898355,1.8465292738736416,2.362014948401903
台達化,2016,5.7570670175597805,1.4095269185711359,0.73619949503793,1.3659570267706762,3.579313082332018,0.37,1.5108880192839662,1.0800361267687704,60.13696173801024,39.86303826198976,5.198276595744681,11.781155008255062,6.924863229242825,1.8554169569218466,0.30153860780068326,798450,-3.576790502060856,76.19047619047619,3423953,16.21,1.01,0.0,10.31,0.19652098310451324,0.0021449081141277034,0.02882201108434531,0.671665978121122,1.9369356669128281,2.673875941449036
台達化,2017,7.233242329035981,3.4102445270031714,2.5330605726984485,5.808324784658718,13.784540352422376,1.53,1.6961321963267662,1.292672781593799,55.6763455668685,44.323654433131495,14.85237258347979,13.779717426184654,7.763921051889409,2.2930066684000208,0.13419310064346876,257989,20.719749096400484,313.5135135135135,4980295,7.11,1.28,0.0,11.92,0.2474819368241382,0.05742322334557311,0.08248213826692247,1.015167497811302,2.249468105932802,3.5081304977731955
台達化,2018,4.813490795990464,1.280307209534608,0.9591212791985427,2.371551688208112,5.26680128298715,0.63,1.6255868013784744,1.2759861428946155,54.260258267329675,45.73974173267033,6.984787439700807,17.034011971699055,7.411310846625046,2.472629624263804,-0.15177449942865068,-663314,9.397386878046078,-58.82352941176471,3263404,10.61,0.82,4.02,12.18,0.23774036825471903,0.08380282384074515,0.04429664421132813,0.6891231481448242,2.484513057851543,3.446778267918526
台達化,2019,7.050993752675105,2.9122853040854437,2.251994148551024,4.756994665463245,9.599383481352481,1.19,2.107119253396902,1.7796141122941473,46.28479547308276,53.71520452691724,11.925681626901019,17.237977802590816,6.838916203733265,2.1123477023792385,0.7033555185558044,1509535,-18.500060552390917,88.88888888888889,3809926,7.38,0.89,5.26,12.87,0.3151614774294384,0.12467249096504185,0.07611676630137065,1.0283262140827827,2.2077171516230196,3.628633469133597
台達化,2020,20.152246870173084,15.623973884756094,12.387216445382263,22.257971036504156,36.03407757952672,5.58,2.7380808109200307,2.396702204474566,31.257891361223983,68.74210863877602,119.17307051373614,16.642874626127,6.971221366371679,1.7968500941792729,1.4036984080100379,2909308,-12.300803001142357,368.9075630252101,13407797,5.41,2.11,7.7,18.46,0.40795977014602197,0.29382783880803,0.270714600140387,4.639273386333313,1.676249071206928,6.254081981976661
台達化,2021,16.30123298332087,10.819672367919662,8.90625056418357,18.508084503416594,26.39438266941055,4.89,3.111326584612233,2.605275354649277,28.691892409056447,71.30810759094356,467.28781716056557,18.04745119798444,8.863986197366899,2.0781005845318052,0.3142000546270848,608018,34.02151489242651,-12.365591397849474,13082496,5.44,1.71,7.24,20.23,0.4604311779461777,0.32806783351616836,0.22454011802515092,4.24364240056104,1.9331618620935294,6.2321420723712
台達化,2022,9.733159498178452,1.2467347154212451,2.2787136707281475,4.123762511236252,5.543143014200876,1.04,4.423508905256553,3.7231815028697417,22.01806408829639,77.9819359117036,80.64506217995611,15.278781080103352,8.798099756692181,1.809688757393785,0.8121655834257512,960909,-12.937964721766926,-78.7321063394683,8905926,15.89,1.24,2.23,18.12,0.5030902914399025,0.3268827544055347,0.05964899864471723,4.377103420617282,1.9569355762375775,5.841383530031146
台達化,2023,2.864608783343775,-3.054145937821554,-1.798939091755318,-3.0171359516802925,-3.9487938860439846,-0.69,2.871572472630545,2.297978875003059,25.230828199037873,74.76917180096213,-16.43133501259446,14.390704331567527,8.811560323163791,1.6771751559060941,-0.12660159538659307,-425243,-15.916661095381556,-166.34615384615384,6540290,,0.98,1.82,16.72,0.4042871765410731,0.28745208968758745,-0.03668305599833906,2.9153966234606807,1.7101404027036156,4.225901829397415
台達化,2024,4.715095546292174,-1.938300727437334,-1.197514244551469,-2.381216522617937,-3.4452974143584543,-0.56,2.035531255651939,1.6795528264231308,35.99433187016068,64.00566812983932,-5.149474701737427,15.848416348191726,8.7580100696675,1.9884661359580118,-0.20697658118171128,-852142,22.475134264253207,-18.84057971014491,5446942,,0.86,1.46,15.84,0.33633122643381924,0.22775531915650438,-0.020573140491710162,1.5379499617414285,1.8926535154915705,3.4699870474534733
台達化,2025,4.087160279175,-2.924784827168291,-2.9502996786965006,-4.643189481386598,-7.092302272063843,-1.07,2.244092405273844,1.8709579253042838,32.85279509129083,67.14720490870917,-11.397403412244504,13.761278900177542,7.176678699073244,1.5738026597481274,0.31086956797770665,565742,-22.215803008230182,91.07142857142856,4433095,,0.77,1.35,14.47,0.3430288228417704,0.20360551307846614,-0.05511736408722066,1.574736762086636,1.6904883023358919,3.150125363820022
國喬,2015,15.187426850661717,9.116213421460689,7.3524195480250425,6.3653078381898505,7.778659085948821,1.62,2.6854150458804584,2.016759855558901,18.16960008328446,81.83039991671555,98.39710429447852,10.2651639743076,9.409433604974017,0.8657432830937478,1.5921482885507998,3535028,,,14052610,7.08,0.85,5.16,18.09,0.18029684441655613,0.2843751802284495,0.08667571451312098,3.3437139740095345,0.8657432830937478,3.772482991012464
國喬,2016,17.190440619760118,10.880472905438442,12.052419583388286,9.97473502565076,12.0713847354449,2.65,2.6918067694021306,2.120160247374178,16.62795848262319,83.37204151737681,647.2969404861693,9.981603653127197,7.718722710776224,0.8276126595691065,1.1334779443394247,2436064,-0.530438039848169,63.58024691358024,19039020,6.39,1.04,4.76,19.87,0.19534975497747495,0.3276160877595596,0.12353109660097433,4.579077205916838,0.79658871280711,4.644769883976782
國喬,2017,16.247658287355577,10.636892308305033,14.083537875201305,12.408807831825106,14.836665115241532,3.64,3.025857856522814,2.379709739460474,16.128088245982177,83.87191175401783,2909.953407510431,10.647098966075642,7.430842321973843,0.8810859843445226,1.280944697708614,3561196,17.231140987388805,37.35849056603775,28513199,6.77,1.38,3.18,22.48,0.22654354486433262,0.3763867140310962,0.1494473465365877,6.314025639907074,0.8339655673954725,5.914350848391189
國喬,2018,16.391113456462676,11.06997584347171,11.964308189865802,10.231992441870192,12.05622119669269,3.26,3.7719204338606205,3.083444065854887,14.196051755161546,85.80394824483845,2211.8708446866485,10.332694047801308,7.913107584527868,0.8552097020149528,1.5906397970423207,4040563,5.953385652370247,-10.439560439560447,19809647,4.87,0.87,0.0,24.59,0.267079318179923,0.42224493644503375,0.13592754376513172,4.673269202324079,0.8285740130216774,4.992734521680014
國喬,2019,12.893587422732079,6.6943310044068784,10.113845218362567,6.7489799060116225,7.833511825078935,2.27,4.615287127801154,3.951191786471111,13.511640118226257,86.48835988177375,458.5754590984975,9.758857561974198,7.5475297677541775,0.6673010868070496,1.2132704995886012,2762385,-17.270462660205844,-30.368098159509195,16863132,6.14,0.69,0.0,26.36,0.28928502385172117,0.46673721774605786,0.087239773023324,3.9637573954065624,0.650065566388696,4.316785388076148
國喬,2020,18.744187303599034,10.59906427352094,24.787985895569104,12.118794359579569,14.082718154556554,4.52,4.481248154819534,4.067692647151317,14.32183881843827,85.67816118156173,663.6054986383089,9.364897802527498,6.640196869019849,0.48889790443788433,0.9741965151994754,2485936,-19.01700923905043,99.1189427312775,21532225,4.2,0.76,0.42,30.48,0.2788657391500466,0.5175293086618141,0.14087908585695735,4.139195825630412,0.4563519647177188,4.463950362530521
國喬,2021,20.590780656159506,12.918607341624536,26.083598371835485,13.799817111086554,16.71951012067696,6.47,3.425275149023315,2.94890599634756,19.79523471674052,80.20476528325948,791.0879510309278,10.21734257561569,8.978761243435626,0.5290610948061254,0.920901266348891,-1628278,36.025861582173135,43.141592920354,26019994,3.54,0.73,6.97,38.35,0.23955216467187573,0.5373388114430733,0.15060646786612608,2.687338799655748,0.4609687134369796,3.610110270815198
國喬,2022,4.793337333342283,-4.330209577949175,-2.7167418199615265,-0.903718078142519,-1.3109174724633383,-0.56,3.6765042031145665,3.3354661100526304,40.19062954244421,59.80937045755579,0.7946187750805868,8.837392040384078,8.389942570383822,0.33264775898186644,0.45275735550328616,-9876845,-19.384656815369862,-108.65533230293663,17089787,-888.0,0.52,2.65,35.41,0.20993408401259236,0.39715437131847464,0.001000388510845631,0.7043354551308407,0.30107935783323087,1.5349189336585012
國喬,2023,2.851921940756613,-6.94694872617156,-9.148226412952983,-2.350870629735084,-3.960228158836096,-1.59,1.8702745326261785,1.6294916120965648,41.07384267599456,58.926157324005445,-10.45540825451531,8.280093770527891,8.849885640854575,0.25697556265184734,-0.008688060283106546,-3993688,-13.519764339102313,183.9285714285714,16820624,,0.51,0.0,29.55,0.12094787267970274,0.3558121156801723,-0.02584831654620394,0.6608553885964479,0.2536645649128918,1.208152762636172
國喬,2024,3.1067489636790198,-10.190105416374793,-9.500897680939643,-2.4764189069001787,-4.259483516355537,-1.42,1.7560836985702128,1.378979750532957,42.623133675725164,57.376866324274836,-11.020421976380526,6.362896160164949,9.340890018905464,0.260651044781619,-0.361968033531999,-5741262,4.448244753593844,-10.691823899371078,11564179,,0.35,0.0,29.6,0.0916696228992809,0.31924547112141394,-0.02950594057469412,0.4238482494282682,0.2564910682198922,0.9703776210294792
國喬,2025,-6.917675476375791,-17.88127342379135,-19.368014374441138,-6.710790836131758,-12.712307309834728,-3.97,1.1640766437510437,0.927278599488518,51.6243935509067,48.3756064490933,-5.70111329220415,7.584683065896395,13.546861788208782,0.34648832381018907,-0.038759233260390026,-2242361,37.735732988143745,179.57746478873244,13002785,,0.45,0.0,25.66,0.03592446786874547,0.24107101691328012,-0.06112402841080013,0.3786364169517771,0.3399529932190929,0.7460343347556054
地球,2015,20.33138937073695,5.100036890811048,4.539924491573982,4.4457152344146325,5.852669369714865,0.77,3.542409906056398,2.8249808014451636,24.039528741887185,75.96047125811282,3111.4166666666665,5.629361359917917,6.377228723883511,0.97924871716827,0.1175787140748286,6261,,,833843,11.29,0.84,3.6,13.16,0.49112009887565833,0.1713683333487058,0.05739615135108545,2.666070897586336,0.97924871716827,3.5975583405176312
地球,2016,22.256262564567212,5.902120757372898,5.254041897396277,4.907865120990672,6.530603215527202,0.86,3.418812704832799,2.7758797501488064,25.6301181422746,74.36988185772539,1034.8974358974358,5.344690080920998,6.07927901343858,0.9341122923711058,0.3287077874113437,62441,-2.9759895763835975,11.688311688311682,980329,13.1,0.98,3.07,13.32,0.5013247065765644,0.19012456329273378,0.059990442790140465,2.8425714898774626,0.9186477811443533,3.6899231727799986
地球,2017,15.222959158311964,-1.3616883958235035,4.912671851024282,4.407011480262713,5.95063184623471,0.8,3.1081045751633987,2.541885620915033,26.24078277706332,73.75921722293668,1154.4666666666667,5.901522543168977,5.563969739768355,0.8970701919249625,0.39492483660130717,37312,-0.7250134493958948,-6.976744186046502,939013,10.69,0.92,2.4,13.65,0.46397551088516986,0.2034780181999695,0.062276492233509693,2.57380891035375,0.8826330689360526,3.4740706780610457
地球,2018,15.66978968218035,0.13820156857022037,0.10505780816883802,0.08861185634053055,0.11785817666989996,0.02,3.0764666959925773,2.3128717336418716,23.297781491616316,76.70221850838368,99.5,5.050798640455147,5.225970219198096,0.8434580721322756,-0.03358309644651287,-80385,-7.308298150271398,-97.5,833843,112.57,0.83,2.7,13.34,0.42984518190666837,0.20426775143401102,0.006395658481937889,2.7387514328600377,0.8704071856653994,3.3365527886674347
地球,2019,16.300300701989983,0.8652332354460501,0.2810775990657734,0.2524621780988665,0.32330700348359753,0.04,3.5400471276214174,2.618397933285812,20.43293751471242,79.56706248528758,87.42857142857143,4.644496857649316,5.562840995038514,0.8981938757765939,0.04906176079326956,-882,-0.09916753775267573,100.0,724918,74.71,0.74,3.11,12.96,0.4572726767452201,0.20294232077001542,0.008503779457536683,2.899811190937165,0.9287959681427039,3.5295916160871594
地球,2020,17.363259383305643,1.524875965893699,1.5499764150496609,1.327199106224997,1.682013688203548,0.22,3.429522391421314,2.7218141701806413,21.746188497443438,78.25381150255656,484.8936170212766,4.682076023548731,5.194049089111152,0.8562705169823334,0.5278844830390771,114703,-7.091445261589612,450.0,788771,35.91,0.81,2.86,12.94,0.4688130035758868,0.1952427747851289,0.01834221469968748,2.9192765198338972,0.849712150369138,3.4977228597686896
地球,2021,15.33245421789681,0.9387652761784481,0.05896883473867984,0.05104907866462042,0.06609987326520363,0.01,3.189631244674795,2.239484464354148,23.791046909491833,76.20895309050817,75.02521008403362,4.2900284203195875,5.134778151300575,0.8656959034521235,-0.11511744285985363,-39866,1.9968591287018445,-95.45454545454545,878916,102.4,0.93,1.71,12.63,0.4725759708603379,0.17768866140480344,0.0071692819395605765,2.9665747469394783,0.8647143328625012,3.484173102425869
地球,2022,15.644490380125674,0.0920635146696344,0.4885978574124354,0.39665989737880725,0.5048795563198769,0.06,3.802322416764946,2.849615874940913,18.94043653185244,81.05956346814756,200.53125,3.6457478753665624,4.932471963671944,0.8118330675444994,0.387500775889647,53390,-8.712807845176629,500.0,818819,67.24,0.86,1.83,12.69,0.49889961739497063,0.1890983492985858,0.010909471110812651,3.6748497646050344,0.8356081940889606,3.9399365374096478
地球,2023,21.385159700893198,4.420182112197611,4.282241347500027,3.3045261044748497,4.100090975736859,0.53,3.7450578476014913,2.955299372228566,19.85327433935075,80.14672566064924,694.546875,3.896981092487835,5.754891979838735,0.7716814248230152,0.3780202042435331,35090,-6.26713474944991,783.3333333333334,1322130,31.3,1.36,1.14,12.93,0.49405644704035573,0.20135204172165372,0.03668636709145966,5.496233662576075,0.7604595060120547,5.054025309818258
地球,2024,18.096270483917824,-0.6790770085903242,0.8591581708683509,0.5748289374877738,0.7049163582485635,0.09,4.122317265401955,3.2464974261180126,16.999826669847245,83.00017333015275,13.779904306220097,3.9337545148158437,5.614291362487468,0.6690606654031985,0.22781335773101555,-8043,-13.697810963631829,-83.01886792452831,954049,4221.46,0.99,1.57,12.88,0.4861026972574365,0.19993890541150466,0.0024712417818339703,4.81558372073068,0.6823347399961902,4.443077774599681
地球,2025,13.704615527147235,-8.809652592240377,-8.349012710172907,-5.452745614913188,-6.589814177563662,-0.82,4.088137852009615,3.2570277372990075,17.52965297906528,82.47034702093472,-91.54643962848297,4.332871581755682,5.252123449899463,0.6531006484478405,0.10839591973993946,-37405,-7.698469687385645,-1011.1111111111111,773757,,0.87,0.0,11.88,0.45819200217321204,0.14560243340611254,-0.054643531321695436,4.078458554275293,0.678185367963048,3.6986106565430408
大洋,2015,7.358418395654348,-0.4402483702281224,0.8078472738064622,0.3524042676518433,0.7482267173908049,0.17,0.9581371701801111,0.5583957375234783,52.90140548833414,47.098594511665866,3.1919421840323223,7.259172751714696,12.225824557296724,0.4362263500517421,0.05619648392030074,-922279,,,5896567,,1.19,0.0,22.49,-0.005830155550858393,0.25901927227745186,0.0053238870373905015,1.0579373103238545,0.4362263500517421,1.4441883579968458
大洋,2016,8.585289263775557,0.5452690932428715,-0.3352434216558174,-0.13634358770541788,-0.2976330682426473,-0.07,1.2463593129521617,0.6813030138371553,55.43481784936133,44.56518215063868,2.769416947677581,6.256245867527136,10.658197697499007,0.40670026284780325,-0.09138612869916951,-447616,-5.0748448338809755,-141.1764705882353,5623893,98.28,1.16,0.0,22.05,0.027488870022191265,0.24406866745247377,0.009326834397103688,0.9291441418445481,0.39957101159386044,1.3625188286711243
大洋,2017,5.639543447728096,-1.845716386175562,-1.822927276773062,-0.7471529765693392,-1.6883131827070172,-0.37,1.6072413515207906,1.055442578786905,56.057504719197624,43.94249528080237,0.735431052521448,6.9348472733614335,8.372192312918477,0.40986439014284,0.036015226221588204,-93070,2.389428807188043,428.57142857142856,6657780,,1.39,0.0,21.66,0.053331621161124845,0.23625990994734059,0.002584528238340254,1.0917117352887065,0.4106130287358139,1.4689308324151873
大洋,2018,3.909072564946075,-3.2513854967232865,-1.5028002984082383,-0.6374350453342537,-1.4177905521244987,-0.33,1.6654453958760216,1.1902591490394352,54.09007605863688,45.90992394136311,-0.7597696275881564,8.759981070219563,7.024866096866097,0.42416483814211575,0.1982500187022295,116969,6.946469769955366,-10.8108108108108,5907928,,1.1,0.0,24.23,0.06262694863498422,0.230862368511544,-0.0018462367996387031,0.9377907615372845,0.41018070419385017,1.3651222339555558
大洋,2019,4.5032200983960715,-2.423588428690765,2.514382533516296,1.0083952845439461,2.1937568416136863,0.53,1.7375529668450238,1.2586204154266023,53.976387727672545,46.02361227232745,5.907368497319229,8.611845334980698,7.189228870295794,0.4010508628270387,0.3414521873938675,261848,-2.5256271889759763,-260.6060606060606,9077759,316.36,1.7,0.0,24.14,0.06810224969863088,0.2423999434668342,0.014087245948470849,1.4528970685206881,0.4022882455419228,1.7415970187762144
大洋,2020,12.050659254645264,4.672553392377297,14.360430022542086,6.022163250313634,11.987545994525622,3.24,1.9965309463271916,1.4887942401369312,45.7574609684865,54.2425390315135,21.28034127625202,8.570263199603959,8.144730353975572,0.4193581418425789,0.43339785149544474,320924,6.943300928341811,511.3207547169812,8157485,23.54,1.24,2.79,29.93,0.08224933680553902,0.28811928744767423,0.03462138737866486,1.4642647833575209,0.4090309434897047,1.9039065984472021
大洋,2021,7.466750935583737,-0.499219377495731,4.920672020988754,2.5391661295044847,4.827675966693861,1.45,1.8024594957267162,1.1457027683064662,48.94835458020893,51.05164541979108,23.87064935064935,8.125143407580579,9.173356230212573,0.5160201937202611,0.25159459499797154,274338,30.327500824294205,-55.24691358024691,7964341,37.88,1.2,2.0,30.03,0.09112806807115123,0.27760910612739437,0.02832071011633657,1.2535190363363304,0.5000186052846867,1.8435948007341292
大洋,2022,5.689060296311052,-2.9395327733696313,-0.6556426118359654,-0.34447510608738235,-0.6803101354280789,-0.19,1.836941356621694,1.3444065995209875,49.82383200410854,50.17616799589146,0.5703658805378004,8.180823455612419,9.445753746246131,0.525400728794556,0.052158101873925486,-48780,0.24348519559782567,-113.10344827586208,7487163,51.41,1.27,0.0,26.8,0.07670101787744354,0.289493562509964,0.0008782309945204529,1.274989514388915,0.5520133600391577,1.817237439921306
大洋,2023,8.416589413163672,0.7112137902182821,3.9298361845912426,1.6285935746049565,3.190207802723604,0.88,1.9144613400134936,1.5055897700587217,48.087291872613235,51.912708127386765,10.776652133025562,9.130428961493678,8.052563494423731,0.41441767496330195,0.011403833525649167,-98749,-24.462753314717055,-563.1578947368421,8418797,42.76,1.36,1.08,28.07,0.08508363648249473,0.3022728120355071,0.021129353373514827,1.4672954629865402,0.411890850377922,1.8872772949311485
大洋,2024,7.662566167788058,-1.9869874465372812,3.564551361577735,1.4082245411812295,2.723869436887387,0.76,2.056728592459493,1.6540778067861892,48.51668628160255,51.48331371839745,15.022284935772674,9.539977144571615,7.777233444709415,0.39506361343547136,0.22088516671929692,130754,-4.708177096771305,-13.636363636363635,7430356,48.7,1.23,1.16,27.47,0.1008741808004592,0.31525090984432025,0.026215913741833477,1.300449237304688,0.39766268084376494,1.8268450293172276
大洋,2025,7.214109153948137,-3.70017296793278,-7.665027486267993,-2.379622652915383,-4.6882258918103945,-1.25,1.889207255179777,1.4550550242186924,49.99362168136345,50.00637831863655,-6.518296836982969,7.359477441439971,6.798465899742615,0.3104519399543591,0.2338866528839043,128169,-23.238191225174397,-264.4736842105263,7987064,,1.4,0.0,25.79,0.08165820470537176,0.2950958109557726,-0.011768349306950874,1.4035961084832094,0.3158309692847937,1.630277062646309
恆大,2015,15.719632466757846,9.137424924721998,9.011195744427807,4.724277782658848,5.126233775819148,1.0,13.000361622782235,11.400440727765849,7.84115611457982,92.15884388542018,2209.818181818182,6.6071183878737365,6.861058566076926,0.5242675796472592,3.26208611142502,258661,,,2106930,17.36,1.14,3.33,18.5,0.5016065019636073,0.39586315116234033,0.05741083465358414,12.692425857987097,0.5242675796472592,9.48531506277995
恆大,2016,20.413800902236204,13.610479509868462,11.28077962254702,5.455587291813713,5.94514332479033,1.16,10.18381760439873,8.756041143290515,8.655412203514194,91.34458779648581,8517.25,5.395494650667725,5.807854807734596,0.48361793017475235,1.5104138029103664,134957,-10.763087380145354,15.999999999999993,1795165,13.28,1.04,3.8,20.23,0.48954489109798477,0.4444645455101322,0.06886490348877577,10.480818070889358,0.5004969960417184,8.22594625312006
恆大,2017,13.655297557818333,7.564637486852903,5.029068087516325,2.2448751639016313,2.433535950890806,0.51,16.174224082722855,13.923165836209993,6.811022335764731,93.18897766423527,1652.8125,5.069576960138978,5.368923032053688,0.4463799504870681,2.139344902453882,112453,-12.642817044752375,-56.03448275862068,1658715,31.56,0.98,1.8,19.88,0.5119261791013631,0.45046356750421834,0.02787096203035927,12.833285622548376,0.4559318407692786,9.49283779842603
恆大,2018,11.110187664921717,5.33818725811937,6.545252933733867,3.144518449149748,3.3682351670020663,0.7,17.46955141733214,15.00081038645304,6.473906327505406,93.5260936724946,3334.409090909091,5.599291867149318,6.274221767858,0.48042733886464145,1.4866201819992908,7943,5.690988314975565,37.254901960784295,1407137,19.33,0.82,3.03,20.14,0.5109669741522497,0.4638735431275113,0.03842408706323944,11.384972005566523,0.4789845275964426,8.699350547606262
恆大,2019,10.828378247225906,4.344602245155446,4.6904985280320926,1.9160099714768402,2.0425091187970907,0.43,18.809903340681704,16.035272172290995,5.90754306194187,94.09245693805813,1629.4074074074074,4.973232006120048,5.933036211271444,0.408487490194503,2.1376547396981516,-52482,-15.492826827958694,-38.57142857142857,1441249,33.55,0.85,1.78,19.97,0.44823791072692754,0.4690392013448204,0.023470338781861996,13.015415319594704,0.4122673785551076,9.493509063047135
恆大,2020,66.70346854634793,62.23355611658086,48.68247791763971,60.679600315352936,70.6156805305493,23.16,4.505463319669322,4.2400021935536945,17.371843124208617,82.62815687579138,72327.08571428571,8.324713582270759,18.074058563425147,1.246436149326864,3.323990622557958,2128389,424.9727281550257,5286.046511627907,7717931,3.05,2.07,13.26,43.72,0.5516451600306446,0.6102560019986706,0.5461496789376497,9.585122435571828,0.8752507237737593,9.94495072044601
恆大,2021,36.92503125411929,31.074025035200243,23.3726238263438,7.090208511647875,8.094115485173573,3.26,18.021306603059216,16.411119945479328,5.244512463860369,94.75548753613963,29964.076923076922,4.130663682874997,5.513513638625606,0.3033552657300009,-0.0466359987884295,-97586,-70.64124502262588,-85.92400690846287,3880286,9.96,1.32,4.4,34.57,0.5589224406675987,0.647604170098546,0.12107141769301874,22.996195239901386,0.37019011109032124,16.144795700357196
恆大,2022,7.883848886578286,-0.9065505588770472,2.9929526615255755,0.5328850841993787,0.5594118685064952,0.19,25.48371516124325,23.672683496279003,4.203839289160523,95.79616071083947,1466.0714285714287,3.4687566913531573,6.721158920912626,0.17804661298176203,1.1371078359842406,61874,-53.488832896881135,-94.1717791411043,2315379,176.73,0.83,1.84,32.6,0.5582944138249547,0.6420001943202585,0.006829491959001088,18.32657115719487,0.18432740567814443,12.771560992098077
恆大,2023,-0.09241848073875637,-11.942932204267024,4.375707001377652,0.594079647493782,0.6187684260472407,0.21,30.68272655496096,29.122063338889376,3.7737321940197814,96.22626780598021,742.6428571428571,3.812428423918145,6.1707372711235475,0.1357676936108248,2.187086586542679,96327,-26.753350374028827,10.526315789473673,3360071,169.73,1.21,1.52,32.45,0.5692418988783515,0.6408379641079218,0.00699671765986477,29.959439698985324,0.13653020812829222,19.71554662420215
恆大,2024,-11.563097649887046,-25.189593842256663,-16.239378176307305,-1.768012428432406,-1.8347010592727122,-0.6,40.00952425092114,38.21912729126596,3.490456831589026,96.50954316841097,-3504.0,4.260716799730463,5.498436511992516,0.10887192903801422,1.1663615507612448,27327,-21.77970884481828,-385.7142857142857,2464621,,0.92,1.04,31.39,0.5888949487097771,0.6299040383244996,-0.023290235529573346,24.701541452854393,0.11103197194928735,16.443638658520364
恆大,2025,-17.831250751963697,-32.465581547240504,-20.476787954830613,-2.1201005951571674,-2.1963241215145963,-0.7,38.12285805919546,36.351392834234396,3.449845860956477,96.55015413904351,-5425.071428571428,4.434688108468261,5.873071953484616,0.10353677538849647,-0.23636946760744068,-27333,-8.344334554757726,16.666666666666675,2554166,,0.99,0.0,30.36,0.5869587973713597,0.6213558368006016,-0.02751031487395588,26.81708034101886,0.10536909518516063,17.679081989078895
永裕,2015,25.0363517123793,12.550886796142668,7.41568531179575,6.21129851475301,11.872761280073792,2.55,3.300692716819088,2.6248270601583306,47.684465574343584,52.315534425656416,19.767580675247157,5.529860225716579,5.609726187269953,0.8375892791557668,1.2179337219526285,471168,,,2231649,5.56,1.29,6.34,19.17,0.38651460502703106,0.1901900028792377,0.1136403483609524,1.254648890428087,0.8375892791557668,2.695475293067132
永裕,2016,26.618921602114533,14.172495139835473,9.016123934993505,7.493475643219398,14.273931729326955,3.11,4.115544113730612,3.2567363140454844,47.324006463002775,52.675993536997225,26.49457725285333,5.12210762976324,5.2240988850088215,0.8311194142014416,0.5946761695813729,141798,0.2647921783085483,21.9607843137255,3085061,6.81,1.76,5.33,19.49,0.45158301815297086,0.21828416362121425,0.12252605407841156,1.711865685845287,0.8226095857370678,3.1015624265562627
永裕,2017,23.639661072476652,12.490078315369672,7.747875533256808,6.514443044532964,12.24474374003455,2.76,3.9194776852945687,2.9677214562047416,46.284823612974506,53.71517638702549,37.43482934694975,4.942036031197622,4.490579393939394,0.8408037811875673,0.6314507038443156,-50859,3.4803885577840754,-11.2540192926045,3523176,8.68,1.95,3.37,20.1,0.4147724069790205,0.2314288584117327,0.10707674852178048,1.9504468420449494,0.8306207445778119,3.1759694100779075
永裕,2018,23.797741911370967,12.583299039661927,8.023788058992386,7.409107751880003,13.77901768481622,3.32,3.8057024563629995,2.8144275004594195,46.177720674244185,53.822279325755815,45.98282459731245,4.943965606511429,4.517215046740932,0.9233927538223669,0.7514045671796982,191414,15.966007298164486,20.28985507246377,3212845,6.42,1.64,5.11,21.81,0.42135307855481097,0.25613325052429864,0.12188047901236782,1.641139157742893,0.8867132778059914,3.1378125981923324
永裕,2019,23.886326889182865,12.391396626402747,7.942171614142238,6.172807607393771,12.430921764154185,3.18,4.078680968693528,3.295099680060797,53.78774475658496,46.21225524341504,28.17999053926206,4.7299492403120365,4.3890567061589945,0.7772191167969921,1.0742647634683382,146395,-3.177859526914928,-4.216867469879504,3103316,6.77,1.53,4.71,22.45,0.4140717395421854,0.23686739660197953,0.0929626867695047,1.125422307711277,0.7099742849658046,2.52050497862533
永裕,2020,25.26854290521856,13.558745375061793,8.529701174097292,5.4824376033026665,11.739032595473294,3.2,3.969381954814779,3.185931059161947,52.83805320583548,47.16194679416452,26.71844449272214,4.588956225800172,4.3435316858711905,0.642746737711228,0.9106370386682541,55382,-6.407142278215305,0.6289308176100628,3025733,6.54,1.37,4.83,24.5,0.3941736199075264,0.2497404239124616,0.08987919092284849,1.0462387751079698,0.6223855348473247,2.3693750673239844
永裕,2021,24.072372215010045,11.604991586769504,7.2755352736867325,4.932976014911676,10.410118230262947,3.04,3.4043523993966507,2.5982078355425555,52.39922822505203,47.60077177494797,25.58723356264802,4.597333520409953,4.444604395694425,0.678022417505508,0.437455437087168,173581,11.479651446104121,-5.000000000000004,3190026,7.32,1.38,4.58,25.76,0.35672020434963925,0.26065279675900604,0.0792100985002827,1.062722432821665,0.6629161369427469,2.354921082368854
永裕,2022,21.428580946337807,8.341477051504098,4.971350190718906,3.28830215206952,6.620620729331589,2.05,4.113174268555636,3.1990304546698463,48.22465514144421,51.77534485855578,15.906211312700107,4.559995050710881,4.451471197089281,0.6614505166440506,1.0589666403028928,387938,-1.190465532087459,-32.56578947368421,3002915,8.61,1.23,3.34,27.03,0.36858061600024067,0.2770916932912467,0.06633129813364172,1.1085264449920171,0.668004022570974,2.3822382832152362
永裕,2023,19.325903819273922,6.422303653054286,2.540380038532734,1.5211608075880334,2.8921406461573027,0.92,4.668664591829434,3.6651802962009015,46.555003937790275,53.444996062209725,8.295497944784284,4.567055295072725,4.596585423453335,0.598792615480722,0.8931512484796451,265316,-11.819322185033986,-55.12195121951219,2866004,12.72,1.2,3.18,26.6,0.37741640476067806,0.28406354195034705,0.047162582896005535,1.1327895476792669,0.6088624202321457,2.2947613168398235
永裕,2024,16.188310321515473,2.536647156031046,8.864245201415287,4.5349527466507675,8.420281042180736,2.58,3.483713777640118,2.860359754548554,45.685975308631924,54.314024691368076,11.393023338424923,4.349238690168617,4.286589711856829,0.5116005529637996,0.41606655499902867,114537,-20.025718711042273,180.43478260869566,2227110,19.37,0.84,3.69,29.22,0.3723263457341378,0.346865396141014,0.06531464153772935,0.9927422403217985,0.5389003191350059,2.2824871498809767
永裕,2025,13.320576833494405,-0.1500784162207851,1.1713267786179478,0.4911231459117371,0.9018104458371751,0.26,4.620299610902013,3.8272739333426626,45.387948608381535,54.612051391618465,2.0122908197031295,3.899356470316202,3.9408948172387506,0.41928790059014526,0.3633150203454085,144768,-23.90685834930878,-89.92248062015504,1775299,54.83,0.69,4.63,28.09,0.42434234210437743,0.356630429642417,0.013601558602455403,0.8331920665315011,0.42893392256663276,1.9822277178982728
聯成,2015,3.2908293271136313,-0.6853882119220956,-0.39514328778313695,-0.46654841734204766,-0.9582732856819175,-0.15,1.8050442568315628,1.404997457249758,51.31363627547575,48.68636372452425,0.021801053692449744,10.697862737962124,17.639653365653327,1.1807069277565443,0.28103199566556386,535411,,,11115030,,0.62,2.06,15.67,0.2147937820126152,0.1035925380494131,0.00019544113336056253,0.5859438074288618,1.1807069277565443,1.9357002596382678
聯成,2016,7.060259371506122,2.9803256330461503,2.568439072908358,2.968169029864936,5.981394612963672,0.96,1.7222689315296686,1.13893686268885,49.424985776128054,50.57501422387194,5.909276951374132,8.55338420624152,14.980060044609413,1.155631473283867,0.14798527576920373,-2076756,-2.8774583850004976,-740.0,14640450,10.87,0.8,6.58,16.25,0.17915984961612375,0.12813213314230984,0.04545726660933251,0.8138166477421201,1.1646695642548528,2.1973453386495043
聯成,2017,7.629133327239804,3.942504094604509,4.629263267630267,5.754727994797975,11.80879080548775,2.02,1.3665937281160303,0.8623639798405957,52.75735187523638,47.24264812476362,8.93533347395977,7.264445109655728,15.13113669243738,1.2431196201428907,0.08456849828065835,-2150418,19.362404879485307,110.4166666666667,22551672,8.87,1.06,9.41,18.23,0.12278368314724164,0.13416038252317336,0.07340714378027148,0.9497011147906435,1.1241979250867902,2.271427123745205
聯成,2018,5.55451588120884,1.7602227204460679,1.2302129902042327,1.660302771227987,3.67274511075341,0.59,1.962460576781618,1.1568173876919685,56.79674844459286,43.20325155540714,3.164260738861987,7.194209728989294,16.19676725645127,1.34960594990332,0.06023861120479407,-1944505,21.063926225478703,-70.79207920792079,15009484,15.99,0.76,4.28,15.52,0.22140684798850876,0.11340937567873557,0.030310565368043926,0.5773814263588721,1.3384028861445447,2.2093179512108536
聯成,2019,3.2863842878145375,-0.5647585546678813,-0.22383182623369086,-0.3087668959726152,-0.6958646157259722,-0.11,1.7557539931256727,1.1302251643830237,54.44401229780625,45.555987702193754,0.5586987724408146,8.012693724012431,16.093740769795524,1.3794593073205244,0.4123100412200287,2841012,2.377537888702408,-118.64406779661016,14789052,,0.72,1.8,15.44,0.1781046024827559,0.0974629911727744,0.0050081718232946265,0.6015408975801415,1.388820031588903,2.1164452477750513
聯成,2020,8.935788433145115,4.382781067494782,4.114999180883185,4.77702889939991,9.376182623815971,1.62,2.8271700082589772,1.834914023878409,43.54221410881476,56.45778589118523,10.791420355855264,7.537962095318607,13.440190874261646,1.1608821021380222,0.5823835509548493,2545767,-17.29747752935815,-1572.7272727272727,25581062,9.52,1.03,5.05,19.31,0.24475581652816453,0.14832243254774813,0.06690681856010355,1.329166947245382,1.173440984572236,2.6930920395684517
聯成,2021,6.270958922525459,2.9873278834256656,2.6206960818881275,4.383806509911697,7.830102831579365,1.66,2.5782519394474264,1.5799170982203152,44.40075925237007,55.59924074762993,12.848271671502049,10.587499120337366,18.356229329132628,1.6727641714003343,-0.006144782780038076,-2063102,57.98616144700857,2.4691358024691246,29113711,10.45,0.97,4.51,22.85,0.2538214051204939,0.1457507389926966,0.05583896285944741,1.219416985230684,1.5238909790781956,2.94844646838715
聯成,2022,0.47241374144061654,-3.25822251009937,-1.6976518272686398,-2.369737282667997,-4.414854013286695,-0.94,1.4003818212835781,0.7739956518241813,48.36837127778412,51.631628722215886,-4.984612978889758,8.270469432766006,17.16876707277452,1.3958912213941295,0.04741795188324924,-1295473,-11.133164128356066,-156.6265060240964,18431631,-888.0,0.71,1.43,19.84,0.11242159246248133,0.10645951651604031,-0.028369823739851703,0.7536582104675211,1.4401929361690784,2.0827166781855144
聯成,2023,3.015746233068382,-0.26983834618607677,-0.38639518861442324,-0.5325332712553528,-1.0072916330733321,-0.21,2.5185315832808546,1.4274967944048145,46.00910988762191,53.99089011237809,0.6105439934317738,7.9277502207142945,17.7292767590294,1.3782088570123425,-0.007215553949598217,-1948073,0.5168976178584028,-77.6595744680851,20747331,,0.69,1.28,22.68,0.22546539750699057,0.08698201108657796,0.004409157148804576,0.8102167059825273,1.3151352266518141,2.2081487613619837
聯成,2024,-0.24048326056583524,-3.649545528194928,-3.2512900932729663,-4.229408857854069,-8.010908806184368,-1.79,2.100782629106277,1.3009283625465664,48.37003373259983,51.62996626740017,-4.1272411558308315,8.672677719787464,15.176307994253227,1.3008402008190116,0.19920775212369132,827502,0.16972774731573992,752.3809523809524,12188212,,0.41,1.64,22.17,0.19130029565853213,0.03910733498969396,-0.0382739681454149,0.441518443470973,1.2847225744886996,1.7076401694672243
聯成,2025,2.015412661843806,-2.472096728753801,-2.64358127596687,-2.8097693614498427,-5.275493868357677,-1.17,2.3953925187112617,1.4169622260213595,44.99987151913809,55.00012848086191,-1.7185312077769395,7.80870056363097,13.439416631962526,1.062864753580232,0.23388919165856462,643201,-19.84996783973002,-34.6368715083799,13308460,,0.45,1.0,22.11,0.18163663687374573,0.016861753564736553,-0.01464212753841975,0.5526908423314492,1.0982306363222591,1.6230965400834694
華夏,2015,14.076363109645861,6.618391428213309,5.545140911946153,6.203219784046582,11.312411056102304,1.64,2.4499745807738913,1.743639268690776,45.1644768450988,54.8355231549012,31.87008370229131,6.436445844258103,10.221421028924185,1.118676672522911,0.14924908165878606,9374,,,7071375,7.63,1.09,7.95,13.83,0.3065635974144166,0.13982558311035345,0.07969782975761387,1.2653415194136686,1.118676672522911,2.704516555623033
華夏,2016,20.769147474862773,13.240223885915686,10.193440329993052,11.23812107726789,19.84905298096499,3.02,2.903092697044876,2.208399307617777,41.72494119950677,58.27505880049323,82.34558757113179,6.282642222450618,10.160603748777238,1.1024855900908137,0.8810063815126044,1618224,2.277347710670763,84.14634146341464,11440173,6.24,1.55,8.35,15.44,0.35464179204623164,0.19155717861922925,0.13699735374300087,2.0601168666456458,1.0637465496059166,3.445658137467606
華夏,2017,18.888450014185395,11.228520486111135,8.637126718529458,9.774442572394156,15.915703704557869,2.58,3.35599600660042,2.3165161116203334,35.289947204424195,64.7100527955758,125.05150445194964,6.663044073456133,9.450208281708845,1.131677569512183,0.9023162501462809,589426,3.845002775582418,-14.569536423841056,15940768,9.71,2.04,5.56,15.87,0.3320137792909948,0.2254629663603278,0.1285522441374612,3.5642751622013638,1.1600634913570906,4.436915682385184
華夏,2018,17.788655426868083,10.353203703297805,8.399840949102858,9.855507806291586,15.003051971931264,2.52,2.9957930405589415,2.1810297300656925,33.3708355845901,66.6291644154099,164.00640457187902,6.989926214368121,8.724101239538914,1.1732969547886738,0.8671242274747141,1072632,3.3389242811446618,-2.3255813953488413,11148698,6.81,1.33,8.64,16.53,0.3180957940789143,0.2462246376784196,0.12586880236416934,2.5263359929807243,1.148859033453707,3.8064571226883848
華夏,2019,13.027509524333974,5.1191058519876,4.2511123436492815,5.0296908730735135,7.334958944102462,1.22,2.877039040197652,2.0102979236021024,29.345540709513802,70.65445929048619,70.98344669343604,8.252583487709192,9.210372643505263,1.1831470134134063,1.189636711484108,1060682,-0.49212048401654496,-51.58730158730158,10962203,13.59,1.33,4.81,15.66,0.25802504907660084,0.2381908605570911,0.07024528690683243,3.0293483760732887,1.2259808082452095,3.9184965443535784
華夏,2020,24.46117962174441,15.612793221190072,11.89955864452928,12.462862525318535,17.187170349011723,2.95,2.645490886934765,2.1018867397729357,25.838231563037006,74.16176843696299,294.12819818600246,7.752269236244559,8.118996135640696,1.0473382162831921,0.9404310450809983,955134,-9.159414480427285,141.8032786885246,14083546,6.58,1.45,9.04,17.53,0.26299702201549274,0.2924973144157842,0.15638287344015692,3.923138656668896,0.9884495946882114,4.5834889376427554
華夏,2021,24.925816669406323,16.404090018141066,12.208159978446728,15.994562819455412,22.301576306853953,4.25,2.636019837587356,1.5991977947542875,30.27953236802969,69.72046763197031,625.6758594635436,7.044908604071631,10.246094984073387,1.3101534422626757,0.7373167126761194,524746,47.24609390359733,44.06779661016949,20162435,6.01,1.81,7.2,19.21,0.28840648906956956,0.3098733661201574,0.19512615818911166,3.9226176185971875,1.1912311494661514,4.9686285421002365
華夏,2022,3.8449996170087575,-5.581693392802905,-2.099205901251534,-2.1999819721826146,-3.3848837864672756,-0.64,2.1730119423073706,1.3486922780971058,39.81442693528846,60.18557306471154,-18.290675121223423,5.987211353000019,10.180833169785618,1.0480067585895212,0.26261817171136187,-640532,-12.778685721214678,-115.05882352941177,15339720,-888.0,1.62,1.14,16.26,0.21856193372017216,0.213054128803792,-0.029392201850671842,2.309311588273842,1.0571633081449952,2.9063060957915985
華夏,2023,12.232667180018247,3.354817011805019,2.49440717923764,1.9859202577358763,3.3738298962795668,0.59,2.03596992370459,1.2974734871476703,42.3811023991123,57.6188976008877,7.7088108831015685,4.727590529521564,10.627152402084603,0.7961491909844601,0.2983490417849391,-400145,-22.28308251989981,-192.1875,12957415,29.27,1.35,1.57,16.49,0.19971085448347942,0.2091702801405638,0.030200337663192234,1.722432000876276,0.7722324418069578,2.437844174198222
華夏,2024,1.899406722905096,-7.601045394379315,-6.403757647095965,-3.9634941868469076,-7.265569098569087,-1.22,1.3610039786015644,0.848888675909866,48.460299696665174,51.539700303334826,-8.82919845289228,4.308152008902975,10.874540956849945,0.6189325713543062,0.15762279673313642,-736080,-19.118127159204523,-306.7796610169492,6943548,,0.79,1.26,15.04,0.098361356820851,0.15901532032285784,-0.045718203342547496,0.7927116017881012,0.6133708649413148,1.278782831620791
華夏,2025,-3.794781710174828,-13.663903683697734,-9.966216069663956,-5.1770305534543555,-10.470211599720226,-1.58,1.092331581965954,0.6147587384099411,52.72691216091876,47.27308783908124,-11.039639705015285,4.304964969665566,10.772524021007758,0.5194579885953563,-0.021710800777183233,-2101571,-16.82889221118049,29.508196721311485,6362498,,0.82,0.91,13.3,0.021348496358751922,0.10761801327114753,-0.06983611586280218,0.6924197938204466,0.5291148071492442,0.8903909153043738
達新,2015,18.767537525902707,2.8243488367997465,9.38129222948183,2.8422246572979244,3.6945120612933993,1.34,3.6526712065534914,2.994999119663314,23.069011275526886,76.93098872447311,30.445324715938707,3.1867326641469025,6.345931674198663,0.30296728721080607,0.30017682461610695,282774,,,4524300,19.54,0.65,4.81,36.24,0.3114969068387908,0.4105617666288956,0.032464687141310795,2.1800104753061764,0.30296728721080607,2.6666898014478404
達新,2016,19.7724039829303,3.9524932096551018,10.512949786767242,3.2710798940087624,4.2732921842383105,1.59,3.4884356790676825,2.918711615434822,23.81395931281127,76.18604068718872,31.781475724604555,3.2649232882986032,6.549226511005053,0.31114767599538096,0.18320161677164673,208936,5.956154717667839,18.656716417910445,5039100,20.28,0.69,4.32,38.1,0.33077798867033786,0.39182591447499493,0.036333566293073945,2.2118574097947477,0.3018710855289771,2.6943761668423676
達新,2017,16.712089130740228,1.5701921153633904,6.46911316390095,1.7978212189823735,2.3488091558368733,0.9,3.5454911531710644,3.0179960663214103,23.101339179046853,76.89866082095314,18.766680969748982,3.1754888253613993,6.384530655141979,0.2779084510400288,0.1352752745955583,138289,-8.075593402042436,-43.39622641509434,5068800,67.01,0.69,4.3,38.31,0.33799632360842874,0.3885644784416948,0.018341383980154658,2.300400918199798,0.2783249426487738,2.66867791885165
達新,2018,15.022714208313314,-0.3496973666931148,9.022302152050333,2.364309506029959,3.047843808032912,1.2,3.4034286035115735,2.904738659438485,21.775157254681986,78.22484274531801,28.42198421645998,3.3057297952104108,5.769230071272054,0.26205168771616294,0.044544240900569874,-8829,-4.19500155761069,33.33333333333333,5247000,21.68,0.68,4.53,40.4,0.31218257607387057,0.38112637926399684,0.025535008272190834,2.4406626396740947,0.25761002054323184,2.7144691539041585
達新,2019,16.631859637736472,1.7085149998012785,28.52783271647657,7.033485096663824,8.640353372768919,3.65,5.315817646744411,4.821548609822891,15.436147958255825,84.56385204174417,104.47316523454008,3.208445127407794,5.64712946337671,0.2465481751300917,0.2290443731076267,212078,-4.03968479268616,204.16666666666666,9375300,36.77,1.12,7.71,43.86,0.5531951486063966,0.4228402671029115,0.07472358806215985,6.119304007738469,0.24589642664165856,5.419877224161619
達新,2020,17.11184935125406,1.7028125755527102,243.07870017998337,47.227931883168615,52.71811805040083,31.97,14.865379223274493,13.93537859507893,6.599558256967096,93.4004417430329,1647.2746947835738,2.9962000077682975,5.74301773656901,0.19429070440231713,0.28927945969052943,107334,-8.483941851979782,775.8904109589041,10006920,56.67,0.82,11.08,91.16,0.6925707271004605,0.6390628037366012,0.4543538321896893,11.60456718224894,0.1709374105531584,10.35881816388029
達新,2021,15.401530118962544,0.3047627054520997,0.2253562570936147,0.041524109078978064,0.045098975468378225,0.04,9.297395645684286,8.51874620412785,9.286300511089069,90.71369948891093,148.20188778185633,2.9522061088634555,5.675303637929512,0.1842598453422513,0.2206732204436667,-186778,6.508054478540792,-99.87488270253363,8532424,30.45,0.74,6.15,120.85,0.6319623223520948,0.5910749617161454,0.022158143131909402,7.203749951453934,0.18651128789615518,6.167742864328933
達新,2022,18.930193005064886,6.38478886324812,26.529729972727544,5.831168625316575,6.377353063569739,7.41,11.689178205612476,10.58774179609246,7.766212803786471,92.23378719621354,336.92869342442356,2.8742584560745006,6.232439335887611,0.21979751136973474,0.7735182112270109,354615,12.209844886291975,18425.0,6966660,8.82,0.66,8.53,111.06,0.6305123888328109,0.6728440256096884,0.06841078461639696,7.777052166953004,0.23142316629677764,6.822006558155626
達新,2023,16.329507837268153,0.664845472797288,16.19692813763071,3.0545395098035786,3.2866246879273198,3.66,16.33918545429262,14.967049227346209,6.344886575374252,93.65511342462575,167.08943089430895,2.614154753481986,5.691794601854087,0.18858758178391213,1.1744880842705419,412618,-19.186883747415106,-50.607287449392715,7214407,19.88,0.68,6.87,110.9,0.6223835538590539,0.6678278124688404,0.032614114709932335,10.024339680056247,0.1901813825998634,7.99423097126363
達新,2024,13.462502212327554,-3.4927761683418255,9.574441329073244,1.9050506003436096,2.0522546283648486,2.15,11.219336097985728,10.118228309830284,8.0899883822631,91.9100116177369,111.37068239258635,2.9492534849538248,5.4730820850152115,0.1989725076239,0.4757462196269296,60788,-0.46973080294623326,-41.2568306010929,6927020,26.35,0.74,7.15,98.21,0.5697000240754279,0.738831907120613,0.025823118368574777,8.362875555652138,0.20970137190871263,7.030647694775664
達新,2025,14.52035325651228,-1.1421516612676963,6.472280369098554,1.403520305808047,1.509853646950345,1.55,15.526041218921792,14.318795104404678,6.05089326885035,93.94910673114964,71.0889848812095,3.357814901310185,5.358444677377136,0.2168509745821667,0.5621971359409995,26258,6.309744487811231,-27.90697674418604,6391886,37.6,0.63,6.98,106.01,0.5938182455126625,0.7151848583489735,0.015219760839331832,9.769313537587768,0.2110920003381121,7.836746029964326
